Size	 InsertionSort	 QuickSort	
50000	 1.794251	 0.009580	
70000	 3.479801	 0.014987	
10000	 0.071180	 0.001199	
15000	 0.159399	 0.001961	
20000	 0.284016	 0.002791	
